company_type,occurences,links,success_rating
Marketplace	320	1276	3.9875
Document Automation	275	1086	3.949090909090909
Legal Education	45	151	3.3555555555555556
Practice Management	196	778	3.9693877551020407
Online Dispute Resolution	44	177	4.0227272727272725
Legal Research	90	340	3.7777777777777777
Compliance	41	147	3.5853658536585367
E-Discovery	51	202	3.9607843137254903
Analytics	104	417	4.009615384615385
